INSERT INTO Empresa (nome, nome_fantasia) VALUES
('Company A', 'CompA'),
('Company B', 'CompB'),
('Company C', 'CompC'),
('Company D', 'CompD'),
('Company E', 'CompE'),
('Company F', 'CompF'),
('Company G', 'CompG'),
('Company H', 'CompH'),
('Company I', 'CompI'),
('Company J', 'CompJ'),
('Company K', 'CompK');

INSERT INTO Plataforma (nome, qtd_users, empresa_fund, empresa_respo, data_fund) VALUES
('Platform A', 1000, 1, 1, '2020-01-01'),
('Platform B', 2000, 2, 2, '2021-03-15'),
('Platform C', 500, 3, 3, '2019-07-01'),
('Platform D', 3000, 4, 4, '2022-09-30'),
('Platform E', 800, 5, 5, '2018-11-20'),
('Platform F', 1500, 6, 6, '2023-02-28'),
('Platform G', 400, 7, 7, '2017-05-10'),
('Platform H', 2500, 8, 8, '2021-12-01'),
('Platform I', 600, 9, 9, '2020-06-15'),
('Platform J', 1200, 10, 10, '2019-09-01'),
('Platform K', 1100, 11, 11, '2022-03-01');

INSERT INTO Conversao (moeda, nome_conversao, fator_conver) VALUES
('USD', 'US Dollar', 1.0),
('EUR', 'Euro', 0.85),
('GBP', 'British Pound', 0.72),
('JPY', 'Japanese Yen', 110.50),
('AUD', 'Australian Dollar', 1.35),
('CAD', 'Canadian Dollar', 1.25),
('CHF', 'Swiss Franc', 0.92),
('CNY', 'Chinese Yuan', 6.40),
('HKD', 'Hong Kong Dollar', 7.80),
('BRL', 'Brazilian Real', 5.00);

INSERT INTO Pais (DDI, nome_pais, id_conversao) VALUES
(1, 'United States', 1),
(33, 'France', 2),
(44, 'United Kingdom', 3),
(81, 'Japan', 4),
(61, 'Australia', 5),
(1, 'Canada', 6),
(41, 'Switzerland', 7),
(86, 'China', 8),
(852, 'Hong Kong', 9),
(55, 'Brazil', 10);

INSERT INTO Usuario (nick, email, data_nascimento, telefone, endereco_postal, pais_residencia) VALUES
('user1', 'user1@example.com', '1990-05-15', '+1 123 456 7890', '123 Main St, New York, NY 10001', 1),
('user2', 'user2@example.com', '1985-11-20', '+33 987 654 3210', '45 Rue de la Paix, Paris, France', 2),
('user3', 'user3@example.com', '1992-03-01', '+44 456 789 0123', '789 Oxford St, London, UK', 3),
('user4', 'user4@example.com', '1988-09-10', '+81 234 567 8901', '456 Sakura Ave, Tokyo, Japan', 4),
('user5', 'user5@example.com', '1995-06-25', '+61 987 654 3210', '789 Koala Ln, Sydney, Australia', 5),
('user6', 'user6@example.com', '1982-12-31', '+1 456 789 0123', '321 Maple Rd, Toronto, Canada', 6),
('user7', 'user7@example.com', '1991-04-20', '+41 234 567 8901', '159 Alpenstrasse, Zurich, Switzerland', 7),
('user8', 'user8@example.com', '1987-08-15', '+86 987 654 3210', '789 Panda Ave, Beijing, China', 8),
('user9', 'user9@example.com', '1993-11-05', '+852 456 789 0123', '159 Causeway Bay, Hong Kong', 9),
('user10', 'user10@example.com', '1984-02-28', '+55 234 567 8901', '321 Copacabana, Rio de Janeiro, Brazil', 10),
('user11', 'user11@example.com', '1996-07-01', '+1 987 654 3210', '456 Oak St, Chicago, IL 60601', 1),
('user12', 'user12@example.com', '1989-12-15', '+33 456 789 0123', '789 Champs-Élysées, Marseille, France', 2),
('user13', 'user13@example.com', '1994-05-20', '+44 234 567 8901', '159 Regent St, Manchester, UK', 3),
('user14', 'user14@example.com', '1983-11-10', '+81 987 654 3210', '321 Ginza, Osaka, Japan', 4),
('user15', 'user15@example.com', '1998-03-01', '+61 456 789 0123', '789 Bondi Beach, Melbourne, Australia', 5),
('user16', 'user16@example.com', '1986-09-25', '+1 234 567 8901', '159 Yonge St, Vancouver, Canada', 6),
('user17', 'user17@example.com', '1992-08-15', '+41 987 654 3210', '456 Bahnhofstrasse, Geneva, Switzerland', 7),
('user18', 'user18@example.com', '1990-01-01', '+86 234 567 8901', '789 Hutong, Shanghai, China', 8),
('user19', 'user19@example.com', '1995-06-30', '+852 987 654 3210', '159 Nathan Rd, Kowloon, Hong Kong', 9),
('user20', 'user20@example.com', '1988-11-20', '+55 456 789 0123', '321 Ipanema, São Paulo, Brazil', 10),
('user21', 'user21@example.com', '1993-03-15', '+1 654 321 0987', '789 Peachtree St, Atlanta, GA 30301', 1),
('user22', 'user22@example.com', '1985-08-01', '+33 321 098 7654', '159 Rue de Rivoli, Nice, France', 2),
('user23', 'user23@example.com', '1997-11-30', '+44 098 765 4321', '456 Princes St, Edinburgh, UK', 3),
('user24', 'user24@example.com', '1991-05-10', '+81 765 432 1098', '789 Takeshita St, Kyoto, Japan', 4),
('user25', 'user25@example.com', '1989-09-20', '+61 432 109 8765', '159 Flinders St, Adelaide, Australia', 5),
('user26', 'user26@example.com', '1994-01-01', '+1 109 876 5432', '321 Granville St, Calgary, Canada', 6),
('user27', 'user27@example.com', '1987-06-15', '+41 876 543 2109', '456 Bahnhofplatz, Bern, Switzerland', 7),
('user28', 'user28@example.com', '1992-12-31', '+86 543 210 9876', '789 Wangfujing, Tianjin, China', 8),
('user29', 'user29@example.com', '1999-04-01', '+852 210 987 6543', '159 Des Voeux Rd, Macau, Hong Kong', 9),
('user30', 'user30@example.com', '1986-02-28', '+55 098 765 4321', '456 Avenida Paulista, Brasília, Brazil', 10),
('user31', 'user31@example.com', '1995-09-15', '+1 876 543 2109', '789 Lombard St, San Francisco, CA 94111', 1),
('user32', 'user32@example.com', '1988-03-01', '+33 543 210 9876', '159 Rue de la République, Lyon, France', 2),
('user33', 'user33@example.com', '1993-07-20', '+44 210 987 6543', '456 Deansgate, Birmingham, UK', 3),
('user34', 'user34@example.com', '1990-11-10', '+81 987 654 3210', '789 Shibuya Crossing, Nagoya, Japan', 4),
('user35', 'user35@example.com', '1997-02-15', '+61 654 321 0987', '159 Rundle Mall, Perth, Australia', 5),
('user36', 'user36@example.com', '1985-06-30', '+1 321 098 7654', '321 Robson St, Edmonton, Canada', 6),
('user37', 'user37@example.com', '1992-01-01', '+41 098 765 4321', '456 Bahnhofstrasse, Lausanne, Switzerland', 7),
('user38', 'user38@example.com', '1989-05-10', '+86 765 432 1098', '789 Nanjing Rd, Chongqing, China', 8),
('user39', 'user39@example.com', '1994-10-20', '+852 432 109 8765', '159 Hollywood Rd, Taipei, Hong Kong', 9),
('user40', 'user40@example.com', '1987-12-31', '+55 109 876 5432', '321 Avenida Atlântica, Salvador, Brazil', 10),
('user41', 'user41@example.com', '1996-03-15', '+1 876 543 2109', '789 Las Olas Blvd, Miami, FL 33301', 1),
('user42', 'user42@example.com', '1991-08-01', '+33 543 210 9876', '159 Rue de la Paix, Lille, France', 2),
('user43', 'user43@example.com', '1998-11-30', '+44 210 987 6543', '456 Sauchiehall St, Glasgow, UK', 3),
('user44', 'user44@example.com', '1985-05-10', '+81 987 654 3210', '789 Dotonbori, Kobe, Japan', 4),
('user45', 'user45@example.com', '1993-09-20', '+61 654 321 0987', '159 Rundle St, Adelaide, Australia', 5),
('user46', 'user46@example.com', '1988-01-01', '+1 321 098 7654', '321 Granville St, Victoria, Canada', 6),
('user47', 'user47@example.com', '1997-06-15', '+41 098 765 4321', '456 Bahnhofstrasse, Lucerne, Switzerland', 7),
('user48', 'user48@example.com', '1990-12-31', '+86 765 432 1098', '789 Nanjing Rd, Hangzhou, China', 8),
('user49', 'user49@example.com', '1994-04-01', '+852 432 109 8765', '159 Queens Rd, Macau, Hong Kong', 9),
('user50', 'user50@example.com', '1986-02-28', '+55 109 876 5432', '321 Avenida Paulista, Curitiba, Brazil', 10),
('user51', 'user51@example.com', '1999-03-15', '+1 876 543 2109', '789 Bourbon St, New Orleans, LA 70112', 1),
('user52', 'user52@example.com', '1992-08-01', '+33 543 210 9876', '159 Rue de Rivoli, Marseille, France', 2),
('user53', 'user53@example.com', '1997-11-30', '+44 210 987 6543', '456 Buchanan St, Glasgow, UK', 3),
('user54', 'user54@example.com', '1990-05-10', '+81 987 654 3210', '789 Gion, Kyoto, Japan', 4),
('user55', 'user55@example.com', '1994-09-20', '+61 654 321 0987', '159 Rundle Mall, Adelaide, Australia', 5),
('user56', 'user56@example.com', '1987-01-01', '+1 321 098 7654', '321 Granville St, Edmonton, Canada', 6),
('user57', 'user57@example.com', '1998-06-15', '+41 098 765 4321', '456 Bahnhofstrasse, Bern, Switzerland', 7),
('user58', 'user58@example.com', '1993-12-31', '+86 765 432 1098', '789 Nanjing Rd, Chengdu, China', 8),
('user59', 'user59@example.com', '1995-04-01', '+852 432 109 8765', '159 Queens Rd, Taipei, Hong Kong', 9),
('user60', 'user60@example.com', '1988-02-28', '+55 109 876 5432', '321 Avenida Paulista, Recife, Brazil', 10),
('user61', 'user61@example.com', '2000-09-15', '+1 876 543 2109', '789 Bourbon St, New Orleans, LA 70112', 1),
('user62', 'user62@example.com', '1993-03-01', '+33 543 210 9876', '159 Rue de Rivoli, Nice, France', 2),
('user63', 'user63@example.com', '1998-07-20', '+44 210 987 6543', '456 Buchanan St, Edinburgh, UK', 3),
('user64', 'user64@example.com', '1991-11-10', '+81 987 654 3210', '789 Gion, Osaka, Japan', 4),
('user65', 'user65@example.com', '1995-02-15', '+61 654 321 0987', '159 Rundle Mall, Perth, Australia', 5),
('user66', 'user66@example.com', '1988-06-30', '+1 321 098 7654', '321 Granville St, Calgary, Canada', 6),
('user67', 'user67@example.com', '1999-01-01', '+41 098 765 4321', '456 Bahnhofstrasse, Geneva, Switzerland', 7),
('user68', 'user68@example.com', '1994-05-10', '+86 765 432 1098', '789 Nanjing Rd, Hangzhou, China', 8),
('user69', 'user69@example.com', '1996-10-20', '+852 432 109 8765', '159 Queens Rd, Macau, Hong Kong', 9),
('user70', 'user70@example.com', '1989-12-31', '+55 109 876 5432', '321 Avenida Paulista, Fortaleza, Brazil', 10),
('user71', 'user71@example.com', '2001-03-15', '+1 876 543 2109', '789 Bourbon St, New Orleans, LA 70112', 1),
('user72', 'user72@example.com', '1994-08-01', '+33 543 210 9876', '159 Rue de Rivoli, Lille, France', 2),
('user73', 'user73@example.com', '1999-11-30', '+44 210 987 6543', '456 Buchanan St, Glasgow, UK', 3),
('user74', 'user74@example.com', '1992-05-10', '+81 987 654 3210', '789 Gion, Kobe, Japan', 4),
('user75', 'user75@example.com', '1996-09-20', '+61 654 321 0987', '159 Rundle Mall, Adelaide, Australia', 5),
('user76', 'user76@example.com', '1989-01-01', '+1 321 098 7654', '321 Granville St, Victoria, Canada', 6),
('user77', 'user77@example.com', '2000-06-15', '+41 098 765 4321', '456 Bahnhofstrasse, Lucerne, Switzerland', 7),
('user78', 'user78@example.com', '1994-12-31', '+86 765 432 1098', '789 Nanjing Rd, Chongqing, China', 8),
('user79', 'user79@example.com', '1997-04-01', '+852 432 109 8765', '159 Queens Rd, Taipei, Hong Kong', 9),
('user80', 'user80@example.com', '1990-02-28', '+55 109 876 5432', '321 Avenida Paulista, Salvador, Brazil', 10),
('user81', 'user81@example.com', '2002-09-15', '+1 876 543 2109', '789 Bourbon St, New Orleans, LA 70112', 1),
('user82', 'user82@example.com', '1995-03-01', '+33 543 210 9876', '159 Rue de Rivoli, Marseille, France', 2),
('user83', 'user83@example.com', '2000-07-20', '+44 210 987 6543', '456 Buchanan St, Edinburgh, UK', 3),
('user84', 'user84@example.com', '1993-11-10', '+81 987 654 3210', '789 Gion, Kyoto, Japan', 4),
('user85', 'user85@example.com', '1996-02-15', '+61 654 321 0987', '159 Rundle Mall, Melbourne, Australia', 5),
('user86', 'user86@example.com', '1990-06-30', '+1 321 098 7654', '321 Granville St, Edmonton, Canada', 6),
('user87', 'user87@example.com', '2001-01-01', '+41 098 765 4321', '456 Bahnhofstrasse, Zurich, Switzerland', 7),
('user88', 'user88@example.com', '1995-05-10', '+86 765 432 1098', '789 Nanjing Rd, Shanghai, China', 8),
('user89', 'user89@example.com', '1997-10-20', '+852 432 109 8765', '159 Queens Rd, Macau, Hong Kong', 9),
('user90', 'user90@example.com', '1991-12-31', '+55 109 876 5432', '321 Avenida Paulista, Brasília, Brazil', 10),
('user91', 'user91@example.com', '2003-03-15', '+1 876 543 2109', '789 Bourbon St, New Orleans, LA 70112', 1),
('user92', 'user92@example.com', '2004-09-15', '+1 876 543 2109', '789 Bourbon St, New Orleans, LA 70112', 1),
('user93', 'user93@example.com', '1996-03-01', '+33 543 210 9876', '159 Rue de Rivoli, Nice, France', 2),
('user94', 'user94@example.com', '2001-07-20', '+44 210 987 6543', '456 Buchanan St, Edinburgh, UK', 3),
('user95', 'user95@example.com', '1993-11-10', '+81 987 654 3210', '789 Gion, Osaka, Japan', 4),
('user96', 'user96@example.com', '1997-02-15', '+61 654 321 0987', '159 Rundle Mall, Perth, Australia', 5),
('user97', 'user97@example.com', '1990-06-30', '+1 321 098 7654', '321 Granville St, Calgary, Canada', 6),
('user98', 'user98@example.com', '2002-01-01', '+41 098 765 4321', '456 Bahnhofstrasse, Zurich, Switzerland', 7),
('user99', 'user99@example.com', '1996-05-10', '+86 765 432 1098', '789 Nanjing Rd, Hangzhou, China', 8),
('user100', 'user100@example.com', '1998-10-20', '+852 432 109 8765', '159 Queens Rd, Macau, Hong Kong', 9);

INSERT INTO PlataformaUsuario (nro_plataforma, id_usuario, nro_usuario) VALUES
(1, 1, 1),
(2, 2, 2),
(3, 3, 3),
(4, 4, 4),
(5, 5, 5),
(6, 6, 6),
(7, 7, 7),
(8, 8, 8),
(9, 9, 9),
(10, 10, 10),
(1, 11, 11),
(2, 12, 12),
(3, 13, 13),
(4, 14, 14),
(5, 15, 15),
(6, 16, 16),
(7, 17, 17),
(8, 18, 18),
(9, 19, 19),
(10, 20, 20),
(1, 21, 21),
(2, 22, 22),
(3, 23, 23),
(4, 24, 24),
(5, 25, 25),
(6, 26, 26),
(7, 27, 27),
(8, 28, 28),
(9, 29, 29),
(10, 30, 30),
(1, 31, 31),
(2, 32, 32),
(3, 33, 33),
(4, 34, 34),
(5, 35, 35),
(6, 36, 36),
(7, 37, 37),
(8, 38, 38),
(9, 39, 39),
(10, 40, 40),
(1, 41, 41),
(2, 42, 42),
(3, 43, 43),
(4, 44, 44),
(5, 45, 45),
(6, 46, 46),
(7, 47, 47),
(8, 48, 48),
(9, 49, 49),
(10, 50, 50),
(1, 51, 51),
(2, 52, 52),
(3, 53, 53),
(4, 54, 54),
(5, 55, 55),
(6, 56, 56),
(7, 57, 57),
(8, 58, 58),
(9, 59, 59),
(10, 60, 60),
(1, 61, 61),
(2, 62, 62),
(3, 63, 63),
(4, 64, 64),
(5, 65, 65),
(6, 66, 66),
(7, 67, 67),
(8, 68, 68),
(9, 69, 69),
(10, 70, 70),
(1, 71, 71),
(2, 72, 72),
(3, 73, 73),
(4, 74, 74),
(5, 75, 75),
(6, 76, 76),
(7, 77, 77),
(8, 78, 78),
(9, 79, 79),
(10, 80, 80),
(1, 81, 81),
(2, 82, 82),
(3, 83, 83),
(4, 84, 84),
(5, 85, 85),
(6, 86, 86),
(7, 87, 87),
(8, 88, 88),
(9, 89, 89),
(10, 90, 90),
(1, 91, 91),
(2, 92, 92),
(3, 93, 93),
(4, 94, 94),
(5, 95, 95),
(6, 96, 96),
(7, 97, 97),
(8, 98, 98),
(9, 99, 99),
(10, 100, 100);

INSERT INTO StreamerPais (id_usuario, id_pais, nro_passaporte) VALUES
(11, 1, 654321),
(12, 2, 789456),
(13, 3, 987123),
(14, 4, 357159),
(15, 5, 159357),
(16, 6, 456258),
(17, 7, 852369),
(18, 8, 963741),
(19, 9, 741852),
(20, 10, 852963),
(21, 1, 321654),
(22, 2, 456789),
(23, 3, 123987),
(24, 4, 951357),
(25, 5, 357159),
(26, 6, 258456),
(27, 7, 369852),
(28, 8, 963741),
(29, 9, 741852),
(30, 10, 852963),
(31, 1, 654321),
(32, 2, 789456),
(33, 3, 987123),
(34, 4, 357159),
(35, 5, 159357),
(36, 6, 456258),
(37, 7, 852369),
(38, 8, 963741),
(39, 9, 741852),
(40, 10, 852963),
(41, 1, 321654),
(42, 2, 456789),
(43, 3, 123987),
(44, 4, 951357),
(45, 5, 357159),
(46, 6, 258456),
(47, 7, 369852),
(48, 8, 963741),
(49, 9, 741852),
(50, 10, 852963),
(51, 1, 654321),
(52, 2, 789456),
(53, 3, 987123),
(54, 4, 357159),
(55, 5, 159357),
(56, 6, 456258),
(57, 7, 852369),
(58, 8, 963741),
(59, 9, 741852),
(60, 10, 852963),
(61, 1, 321654),
(62, 2, 456789),
(63, 3, 123987),
(64, 4, 951357),
(65, 5, 357159),
(66, 6, 258456),
(67, 7, 369852),
(68, 8, 963741),
(69, 9, 741852),
(70, 10, 852963),
(71, 1, 654321),
(72, 2, 789456),
(73, 3, 987123),
(74, 4, 357159),
(75, 5, 159357),
(76, 6, 456258),
(77, 7, 852369),
(78, 8, 963741),
(79, 9, 741852),
(80, 10, 852963),
(81, 1, 321654),
(82, 2, 456789),
(83, 3, 123987),
(84, 4, 951357),
(85, 5, 357159),
(86, 6, 258456),
(87, 7, 369852),
(88, 8, 963741),
(89, 9, 741852),
(90, 10, 852963),
(91, 1, 654321),
(92, 2, 789456),
(93, 3, 987123),
(94, 4, 357159),
(95, 5, 159357),
(96, 6, 456258),
(97, 7, 852369),
(98, 8, 963741),
(99, 9, 741852),
(100, 10, 852963);

INSERT INTO EmpresaPais (nro_empresa, id_pais, id_nacional) VALUES
(1, 1, 1),
(2, 2, 2),
(3, 3, 3),
(4, 4, 4),
(5, 5, 5),
(6, 6, 6),
(7, 7, 7),
(8, 8, 8),
(9, 9, 9),
(10, 10, 10);

INSERT INTO Canal (nome_canal, tipo, data_registro, descricao_canal, qtd_visualizacoes, id_usuario, nro_plataforma) VALUES
('Channel A', 'público', '2022-01-01', 'This is Channel A', 1000, 1, 1),
('Channel B', 'privado', '2023-03-15', 'This is Channel B', 2500, 2, 2),
('Channel C', 'misto', '2021-07-01', 'This is Channel C', 500, 3, 3),
('Channel D', 'público', '2022-09-30', 'This is Channel D', 3200, 4, 4),
('Channel E', 'privado', '2020-11-20', 'This is Channel E', 800, 5, 5),
('Channel F', 'misto', '2023-02-28', 'This is Channel F', 1800, 6, 6),
('Channel G', 'público', '2019-05-10', 'This is Channel G', 400, 7, 7),
('Channel H', 'privado', '2021-12-01', 'This is Channel H', 2800, 8, 8),
('Channel I', 'misto', '2022-06-15', 'This is Channel I', 600, 9, 9),
('Channel J', 'público', '2021-09-01', 'This is Channel J', 1400, 10, 10),
('Channel K', 'público', '2023-04-05', 'This is Channel K', 2000, 11, 1),
('Channel L', 'privado', '2022-11-10', 'This is Channel L', 1500, 12, 2),
('Channel M', 'misto', '2023-01-20', 'This is Channel M', 700, 13, 3),
('Channel N', 'público', '2020-08-25', 'This is Channel N', 2600, 14, 4),
('Channel O', 'privado', '2021-10-15', 'This is Channel O', 1200, 15, 5),
('Channel P', 'misto', '2022-03-12', 'This is Channel P', 900, 16, 6),
('Channel Q', 'público', '2023-06-18', 'This is Channel Q', 600, 17, 7),
('Channel R', 'privado', '2020-12-05', 'This is Channel R', 2200, 18, 8),
('Channel S', 'misto', '2021-07-30', 'This is Channel S', 1000, 19, 9),
('Channel T', 'público', '2022-05-01', 'This is Channel T', 1800, 20, 10);

INSERT INTO Patrocinio (nro_empresa, id_canal, valor) VALUES
(1, 1, 1000.00),
(2, 2, 2000.00),
(3, 3, 500.00),
(4, 4, 3000.00),
(5, 5, 800.00),
(6, 6, 1500.00),
(7, 7, 400.00),
(8, 8, 2500.00),
(9, 9, 600.00),
(10, 10, 1200.00),
(11, 1, 500.00),
(11, 2, 1500.00),
(10, 2, 1000.00),
(9, 3, 300.00),
(8, 3, 200.00),
(7, 4, 2000.00),
(6, 4, 1000.00),
(4, 5, 400.00),
(5, 6, 800.00),
(4, 7, 100.00),
(3, 8, 1800.00),
(2, 9, 300.00),
(1, 9, 300.00),
(4, 10, 600.00),
(5, 10, 600.00),
(6, 11, 700.00),
(1, 12, 1200.00),
(2, 12, 800.00),
(3, 13, 500.00),
(4, 14, 1500.00);

INSERT INTO NivelCanal (id_canal, nivel, valor, gif) VALUES
(1, 'Bronze', 5.00, 'bronze.gif'),
(1, 'Silver', 10.00, 'silver.gif'),
(1, 'Gold', 15.00, 'gold.gif'),
(1, 'Platinum', 20.00, 'platinum.gif'),
(1, 'Diamond', 25.00, 'diamond.gif'),
(2, 'Bronze', 5.00, 'bronze.gif'),
(2, 'Silver', 10.00, 'silver.gif'),
(2, 'Gold', 15.00, 'gold.gif'),
(2, 'Platinum', 20.00, 'platinum.gif'),
(2, 'Diamond', 25.00, 'diamond.gif'),
(3, 'Bronze', 6.00, 'bronze.gif'),
(3, 'Silver', 16.00, 'silver.gif'),
(3, 'Gold', 26.00, 'gold.gif'),
(4, 'Bronze', 8.00, 'bronze.gif'),
(4, 'Silver', 18.00, 'silver.gif'),
(4, 'Gold', 28.00, 'gold.gif'),
(5, 'Bronze', 5.50, 'bronze.gif'),
(5, 'Silver', 15.50, 'silver.gif'),
(5, 'Gold', 25.50, 'gold.gif'),
(6, 'Bronze', 7.00, 'bronze.gif'),
(6, 'Silver', 17.00, 'silver.gif'),
(6, 'Gold', 27.00, 'gold.gif'),
(7, 'Bronze', 5.25, 'bronze.gif'),
(7, 'Silver', 15.25, 'silver.gif'),
(7, 'Gold', 25.25, 'gold.gif'),
(8, 'Bronze', 6.75, 'bronze.gif'),
(8, 'Silver', 16.75, 'silver.gif'),
(8, 'Gold', 26.75, 'gold.gif'),
(9, 'Bronze', 8.50, 'bronze.gif'),
(9, 'Silver', 18.50, 'silver.gif'),
(9, 'Gold', 28.50, 'gold.gif'),
(10, 'Bronze', 9.00, 'bronze.gif'),
(10, 'Silver', 19.00, 'silver.gif'),
(10, 'Gold', 29.00, 'gold.gif'),
(11, 'Bronze', 5.75, 'bronze.gif'),
(11, 'Silver', 15.75, 'silver.gif'),
(11, 'Gold', 25.75, 'gold.gif'),
(12, 'Bronze', 7.25, 'bronze.gif'),
(12, 'Silver', 17.25, 'silver.gif'),
(12, 'Gold', 27.25, 'gold.gif'),
(13, 'Bronze', 6.50, 'bronze.gif'),
(13, 'Silver', 16.50, 'silver.gif'),
(13, 'Gold', 26.50, 'gold.gif'),
(14, 'Bronze', 8.25, 'bronze.gif'),
(14, 'Silver', 18.25, 'silver.gif'),
(14, 'Gold', 28.25, 'gold.gif'),
(15, 'Bronze', 5.40, 'bronze.gif'),
(15, 'Silver', 15.40, 'silver.gif'),
(15, 'Gold', 25.40, 'gold.gif'),
(16, 'Bronze', 7.60, 'bronze.gif'),
(16, 'Silver', 17.60, 'silver.gif'),
(16, 'Gold', 27.60, 'gold.gif'),
(17, 'Bronze', 5.15, 'bronze.gif'),
(17, 'Silver', 15.15, 'silver.gif'),
(17, 'Gold', 25.15, 'gold.gif'),
(18, 'Bronze', 6.85, 'bronze.gif'),
(18, 'Silver', 16.85, 'silver.gif'),
(18, 'Gold', 26.85, 'gold.gif'),
(19, 'Bronze', 8.75, 'bronze.gif'),
(19, 'Silver', 18.75, 'silver.gif'),
(19, 'Gold', 28.75, 'gold.gif'),
(20, 'Bronze', 5.90, 'bronze.gif'),
(20, 'Silver', 15.90, 'silver.gif'),
(20, 'Gold', 25.90, 'gold.gif'),
(3, 'Platinum', 35.00, 'platinum.gif'),
(3, 'Diamond', 40.00, 'diamond.gif'),
(4, 'Platinum', 30.00, 'platinum.gif'),
(4, 'Diamond', 35.00, 'diamond.gif'),
(5, 'Platinum', 35.50, 'platinum.gif'),
(5, 'Diamond', 40.50, 'diamond.gif'),
(6, 'Platinum', 37.00, 'platinum.gif'),
(6, 'Diamond', 42.00, 'diamond.gif'),
(7, 'Platinum', 35.25, 'platinum.gif'),
(7, 'Diamond', 40.25, 'diamond.gif'),
(8, 'Platinum', 36.75, 'platinum.gif'),
(8, 'Diamond', 41.75, 'diamond.gif'),
(9, 'Platinum', 38.50, 'platinum.gif'),
(9, 'Diamond', 43.50, 'diamond.gif'),
(10, 'Platinum', 39.00, 'platinum.gif'),
(10, 'Diamond', 44.00, 'diamond.gif'),
(11, 'Platinum', 35.75, 'platinum.gif'),
(11, 'Diamond', 40.75, 'diamond.gif'),
(12, 'Platinum', 37.25, 'platinum.gif'),
(12, 'Diamond', 42.25, 'diamond.gif'),
(13, 'Platinum', 36.50, 'platinum.gif'),
(13, 'Diamond', 41.50, 'diamond.gif'),
(14, 'Platinum', 38.25, 'platinum.gif'),
(14, 'Diamond', 43.25, 'diamond.gif'),
(15, 'Platinum', 35.40, 'platinum.gif'),
(15, 'Diamond', 40.40, 'diamond.gif'),
(16, 'Platinum', 37.60, 'platinum.gif'),
(16, 'Diamond', 42.60, 'diamond.gif'),
(17, 'Platinum', 35.15, 'platinum.gif'),
(17, 'Diamond', 40.15, 'diamond.gif'),
(18, 'Platinum', 36.85, 'platinum.gif'),
(18, 'Diamond', 41.85, 'diamond.gif'),
(19, 'Platinum', 38.75, 'platinum.gif'),
(19, 'Diamond', 43.75, 'diamond.gif'),
(20, 'Platinum', 35.90, 'platinum.gif'),
(20, 'Diamond', 40.90, 'diamond.gif');

INSERT INTO Inscricao (id_canal, id_usuario, nivel) VALUES
(1, 1, 'Bronze'),
(1, 2, 'Silver'),
(1, 3, 'Gold'),
(1, 4, 'Platinum'),
(1, 5, 'Diamond'),
(2, 6, 'Bronze'),
(2, 7, 'Silver'),
(2, 8, 'Gold'),
(2, 9, 'Platinum'),
(2, 10, 'Diamond'),
(3, 11, 'Bronze'),
(3, 12, 'Silver'),
(3, 13, 'Gold'),
(3, 14, 'Platinum'),
(3, 15, 'Diamond'),
(4, 16, 'Bronze'),
(4, 17, 'Silver'),
(4, 18, 'Gold'),
(4, 19, 'Platinum'),
(4, 20, 'Diamond'),
(5, 21, 'Bronze'),
(5, 22, 'Silver'),
(5, 23, 'Gold'),
(5, 24, 'Platinum'),
(5, 25, 'Diamond'),
(6, 26, 'Bronze'),
(6, 27, 'Silver'),
(6, 28, 'Gold'),
(6, 29, 'Platinum'),
(6, 30, 'Diamond'),
(7, 31, 'Bronze'),
(7, 32, 'Silver'),
(7, 33, 'Gold'),
(7, 34, 'Platinum'),
(7, 35, 'Diamond'),
(8, 36, 'Bronze'),
(8, 37, 'Silver'),
(8, 38, 'Gold'),
(8, 39, 'Platinum'),
(8, 40, 'Diamond'),
(9, 41, 'Bronze'),
(9, 42, 'Silver'),
(9, 43, 'Gold'),
(9, 44, 'Platinum'),
(9, 45, 'Diamond'),
(10, 46, 'Bronze'),
(10, 47, 'Silver'),
(10, 48, 'Gold'),
(10, 49, 'Platinum'),
(10, 50, 'Diamond'),
(11, 51, 'Bronze'),
(11, 52, 'Silver'),
(11, 53, 'Gold'),
(11, 54, 'Platinum'),
(11, 55, 'Diamond'),
(12, 56, 'Bronze'),
(12, 57, 'Silver'),
(12, 58, 'Gold'),
(12, 59, 'Platinum'),
(12, 60, 'Diamond'),
(13, 61, 'Bronze'),
(13, 62, 'Silver'),
(13, 63, 'Gold'),
(13, 64, 'Platinum'),
(13, 65, 'Diamond'),
(14, 66, 'Bronze'),
(14, 67, 'Silver'),
(14, 68, 'Gold'),
(14, 69, 'Platinum'),
(14, 70, 'Diamond'),
(15, 71, 'Bronze'),
(15, 72, 'Silver'),
(15, 73, 'Gold'),
(15, 74, 'Platinum'),
(15, 75, 'Diamond'),
(16, 76, 'Bronze'),
(16, 77, 'Silver'),
(16, 78, 'Gold'),
(16, 79, 'Platinum'),
(16, 80, 'Diamond'),
(17, 81, 'Bronze'),
(17, 82, 'Silver'),
(17, 83, 'Gold'),
(17, 84, 'Platinum'),
(17, 85, 'Diamond'),
(18, 86, 'Bronze'),
(18, 87, 'Silver'),
(18, 88, 'Gold'),
(18, 89, 'Platinum'),
(18, 90, 'Diamond'),
(19, 91, 'Bronze'),
(19, 92, 'Silver'),
(19, 93, 'Gold'),
(19, 94, 'Platinum'),
(19, 95, 'Diamond'),
(20, 96, 'Bronze'),
(20, 97, 'Silver'),
(20, 98, 'Gold'),
(20, 99, 'Platinum'),
(20, 100, 'Diamond');

INSERT INTO Video (id_canal, titulo_video, data_registro, tema_video, duracao_video, visu_simul_video, visu_total_video) VALUES
(1, 'Video A', '2022-02-01', 'Topic A', 300, 100, 1000),
(2, 'Video B', '2023-04-15', 'Topic B', 600, 200, 2500),
(3, 'Video C', '2021-08-01', 'Topic C', 180, 50, 500),
(4, 'Video D', '2022-10-30', 'Topic D', 720, 300, 3200),
(5, 'Video E', '2020-12-20', 'Topic E', 240, 80, 800),
(6, 'Video F', '2023-03-28', 'Topic F', 480, 180, 1800),
(7, 'Video G', '2019-06-10', 'Topic G', 120, 40, 400),
(8, 'Video H', '2021-12-01', 'Topic H', 600, 280, 2800),
(9, 'Video I', '2022-07-15', 'Topic I', 180, 60, 600),
(10, 'Video J', '2021-10-01', 'Topic J', 360, 140, 1400),
(11, 'Video K', '2023-01-05', 'Topic K', 420, 160, 1600),
(12, 'Video L', '2022-05-20', 'Topic L', 240, 90, 900),
(13, 'Video M', '2023-09-12', 'Topic M', 600, 250, 2500),
(14, 'Video N', '2021-11-15', 'Topic N', 360, 120, 1200),
(15, 'Video O', '2022-08-25', 'Topic O', 480, 200, 2000),
(16, 'Video P', '2020-07-10', 'Topic P', 180, 60, 600),
(17, 'Video Q', '2023-06-02', 'Topic Q', 720, 300, 3000),
(18, 'Video R', '2021-03-17', 'Topic R', 300, 100, 1000),
(19, 'Video S', '2022-04-09', 'Topic S', 240, 80, 800),
(20, 'Video T', '2020-09-30', 'Topic T', 600, 280, 2800),
(1, 'Video U', '2023-02-14', 'Topic U', 360, 140, 1400),
(2, 'Video V', '2022-01-08', 'Topic V', 480, 180, 1800),
(3, 'Video W', '2019-08-20', 'Topic W', 120, 40, 400),
(4, 'Video X', '2021-12-25', 'Topic X', 720, 320, 3200),
(5, 'Video Y', '2020-06-15', 'Topic Y', 180, 50, 500),
(6, 'Video Z', '2023-05-18', 'Topic Z', 600, 200, 2000),
(7, 'Video AA', '2022-11-11', 'Topic AA', 240, 90, 900),
(8, 'Video BB', '2021-10-05', 'Topic BB', 360, 120, 1200),
(9, 'Video CC', '2020-12-30', 'Topic CC', 480, 160, 1600),
(10, 'Video DD', '2019-07-22', 'Topic DD', 300, 100, 1000),
(11, 'Video EE', '2022-05-01', 'Topic EE', 240, 80, 800),
(12, 'Video FF', '2023-03-08', 'Topic FF', 600, 280, 2800),
(13, 'Video GG', '2021-04-15', 'Topic GG', 360, 140, 1400),
(14, 'Video HH', '2022-02-28', 'Topic HH', 480, 180, 1800),
(15, 'Video II', '2019-09-10', 'Topic II', 120, 40, 400),
(16, 'Video JJ', '2021-01-15', 'Topic JJ', 720, 300, 3000),
(17, 'Video KK', '2020-08-20', 'Topic KK', 180, 60, 600),
(18, 'Video LL', '2023-07-05', 'Topic LL', 600, 250, 2500),
(19, 'Video MM', '2022-12-10', 'Topic MM', 240, 90, 900),
(20, 'Video NN', '2021-11-01', 'Topic NN', 360, 120, 1200),
(1, 'Video OO', '2020-09-18', 'Topic OO', 480, 200, 2000),
(2, 'Video PP', '2019-05-02', 'Topic PP', 300, 100, 1000),
(3, 'Video QQ', '2022-04-05', 'Topic QQ', 240, 80, 800),
(4, 'Video RR', '2023-03-15', 'Topic RR', 600, 280, 2800),
(5, 'Video SS', '2021-02-28', 'Topic SS', 360, 140, 1400),
(6, 'Video TT', '2022-01-10', 'Topic TT', 480, 180, 1800),
(7, 'Video UU', '2019-10-20', 'Topic UU', 120, 40, 400),
(8, 'Video VV', '2021-12-25', 'Topic VV', 720, 320, 3200),
(9, 'Video WW', '2020-06-05', 'Topic WW', 180, 50, 500),
(10, 'Video XX', '2023-05-28', 'Topic XX', 600, 200, 2000);

INSERT INTO Participa (id_video, id_usuario) VALUES
(1, 1),
(2, 2),
(3, 3),
(4, 4),
(5, 5),
(6, 6),
(7, 7),
(8, 8),
(9, 9),
(10, 10),
(11, 11),
(12, 12),
(13, 13),
(14, 14),
(15, 15),
(16, 16),
(17, 17),
(18, 18),
(19, 19),
(20, 20),
(21, 1),
(22, 2),
(23, 3),
(24, 4),
(25, 5),
(26, 6),
(27, 7),
(28, 8),
(29, 9),
(30, 10),
(31, 11),
(32, 12),
(33, 13),
(34, 14),
(35, 15),
(36, 16),
(37, 17),
(38, 18),
(39, 19),
(40, 20),
(41, 1),
(42, 2),
(43, 3),
(44, 4),
(45, 5),
(46, 6),
(47, 7),
(48, 8),
(49, 9),
(50, 10);

INSERT INTO Comentario (id_video, id_usuario, texto_comentario, data_registro_comentario, coment_on) VALUES
(1, 1, 'Great video!', '2022-02-02', true),
(2, 2, 'Interesting topic.', '2023-04-16', true),
(3, 3, 'Well done.', '2021-08-02', true),
(4, 4, 'Informative and engaging.', '2022-11-01', true),
(5, 5, 'Enjoyed watching this.', '2020-12-21', true),
(6, 6, 'Awesome content.', '2023-03-29', true),
(7, 7, 'Keep up the good work.', '2019-06-11', true),
(8, 8, 'Loved the production quality.', '2021-12-02', true),
(9, 9, 'Insightful video.', '2022-07-16', true),
(10, 10, 'Great job!', '2021-10-02', true),
(11, 11, 'Very informative.', '2022-02-03', true),
(12, 11, 'Interesting perspective.', '2023-04-17', true),
(13, 23, 'Impressive!', '2021-08-03', true),
(14, 44, 'Well explained.', '2022-11-02', true),
(15, 16, 'Fascinating topic.', '2020-12-22', true),
(16, 53, 'Really enjoyed it.', '2023-03-30', true),
(17, 19, 'Looking forward to more.', '2019-06-12', true),
(18, 19, 'Couldn''t stop watching.', '2021-12-03', true),
(19, 2, 'Learned a lot.', '2022-07-17', true),
(20, 20, 'Excellent presentation.', '2021-10-03', true),
(21, 21, 'Fantastic video!', '2022-02-04', true),
(22, 93, 'Kept me engaged throughout.', '2023-04-18', true),
(23, 76, 'Brilliant.', '2021-08-04', true),
(24, 65, 'Detailed and clear.', '2022-11-03', true),
(25, 25, 'Thoroughly enjoyed it.', '2020-12-23', true),
(26, 26, 'Top-notch content.', '2023-03-31', true),
(27, 27, 'Well presented.', '2019-06-13', true),
(28, 28, 'Impressed by the research.', '2021-12-04', true),
(29, 29, 'Very insightful.', '2022-07-18', true),
(30, 30, 'Keep making more!', '2021-10-04', true),
(31, 31, 'Impressive work!', '2022-02-05', true),
(32, 32, 'Great insights.', '2023-04-19', true),
(33, 33, 'Clear explanation.', '2021-08-05', true),
(34, 34, 'Well thought out.', '2022-11-04', true),
(35, 35, 'Enjoyed every bit of it.', '2020-12-24', true),
(36, 36, 'Excellent!', '2023-04-01', true),
(37, 37, 'Amazing video.', '2019-06-14', true),
(38, 38, 'Detailed analysis.', '2021-12-05', true),
(39, 39, 'Incredible!', '2022-07-19', true),
(40, 40, 'Very well done.', '2021-10-05', true),
(41, 40, 'Spot on!', '2022-02-06', true),
(42, 49, 'Engaging and informative.', '2023-04-20', true),
(43, 42, 'Thoroughly explained.', '2021-08-06', true),
(44, 40, 'Great content.', '2022-11-05', true),
(45, 45, 'Excellent presentation.', '2020-12-25', true),
(46, 46, 'Learned a lot from this.', '2023-04-02', true),
(47, 47, 'Really enjoyed it!', '2019-06-15', true),
(48, 48, 'Insightful analysis.', '2021-12-06', true),
(49, 49, 'Well researched.', '2022-07-20', true),
(50, 50, 'Looking forward to more videos.', '2021-10-06', true);

INSERT INTO Doacao (id_comentario, valor, status) VALUES
(1, 10.00, 'recebido'),
(2, 20.00, 'recebido'),
(3, 15.00, 'recebido'),
(4, 30.00, 'recebido'),
(5, 12.00, 'recebido'),
(6, 18.00, 'recebido'),
(7, 8.00, 'recebido'),
(8, 25.00, 'recebido'),
(9, 14.00, 'recebido'),
(10, 22.00, 'recebido'),
(11, 13.00, 'recebido'),
(12, 28.00, 'recebido'),
(13, 17.00, 'recebido'),
(14, 32.00, 'recebido'),
(15, 11.00, 'recebido'),
(16, 16.00, 'recebido'),
(17, 9.00, 'recebido'),
(18, 27.00, 'recebido'),
(19, 19.00, 'recebido'),
(20, 24.00, 'recebido'),
(21, 10.50, 'recebido'),
(22, 21.50, 'recebido'),
(23, 16.50, 'recebido'),
(24, 33.50, 'recebido'),
(25, 13.50, 'recebido'),
(26, 19.50, 'recebido'),
(27, 8.50, 'recebido'),
(28, 26.50, 'recebido'),
(29, 14.50, 'recebido'),
(30, 22.50, 'recebido'),
(31, 11.50, 'recebido'),
(32, 23.50, 'recebido'),
(33, 17.50, 'recebido'),
(34, 34.50, 'recebido'),
(35, 12.50, 'recebido'),
(36, 18.50, 'recebido'),
(37, 7.50, 'recebido'),
(38, 25.50, 'recebido'),
(39, 15.50, 'recebido'),
(40, 30.50, 'recebido'),
(41, 10.75, 'recebido'),
(42, 21.75, 'recebido'),
(43, 16.75, 'recebido'),
(44, 33.75, 'recebido'),
(45, 13.75, 'recebido'),
(46, 19.75, 'recebido'),
(47, 8.75, 'recebido'),
(48, 26.75, 'recebido'),
(49, 14.75, 'recebido'),
(50, 22.75, 'recebido'),
(10, 11.75, 'recebido'),
(22, 23.75, 'recebido'),
(11, 17.75, 'recebido'),
(10, 34.75, 'recebido'),
(1, 12.75, 'recebido'),
(2, 18.75, 'recebido'),
(7, 7.75, 'recebido'),
(38, 25.75, 'recebido'),
(3, 15.75, 'recebido'),
(5, 30.75, 'recebido');

INSERT INTO BitCoin (id_doa_bit, TxID) VALUES
(1, 'tx1234567890'),
(2, 'tx0987654321'),
(3, 'tx2468013579'),
(4, 'tx9876543210'),
(5, 'tx1357924680'),
(6, 'tx0246813579'),
(7, 'tx8642013579'),
(8, 'tx7531902468'),
(9, 'tx3698741520'),
(10, 'tx5214763098'),
(59, 'tx3698741526'),
(60, 'tx5214762468');

INSERT INTO PayPal (id_doa_paypal, IdPayPal) VALUES
(11, 'paypal1234567'),
(12, 'paypal0987654'),
(13, 'paypal2468013'),
(14, 'paypal9876543'),
(15, 'paypal1357924'),
(16, 'paypal0246813'),
(17, 'paypal8642013'),
(18, 'paypal7531902'),
(19, 'paypal3698741'),
(20, 'paypal5214763'),
(50, 'paypal1234465'),
(51, 'paypal0987785'),
(52, 'paypal2468986'),
(53, 'paypal9876234'),
(54, 'paypal1357574'),
(55, 'paypal0246123'),
(56, 'paypal8642234'),
(57, 'paypal7531230'),
(58, 'paypal3698454');

INSERT INTO CartaoCredito (id_doa_cartcredito, nro_cartao, bandeira_cartao) VALUES
(21, '1234567890123456', 'Visa'),
(22, '0987654321098765', 'Mastercard'),
(23, '2468013579024680', 'American Express'),
(24, '9876543210987654', 'Discover'),
(25, '1357924680135792', 'Visa'),
(26, '0246813579024681', 'Mastercard'),
(27, '8642013579864201', 'American Express'),
(28, '7531902468753190', 'Discover'),
(29, '3698741520369874', 'Visa'),
(30, '5214763098521476', 'Mastercard'),
(31, '1234567890124325', 'Visa'),
(32, '0987654321099863', 'Mastercard'),
(33, '2468013579025365', 'American Express'),
(34, '9876543210981232', 'Discover'),
(35, '1357924634565792', 'Visa'),
(36, '0246813545344681', 'Mastercard'),
(37, '8642013512324201', 'American Express'),
(38, '7531902409653190', 'Discover'),
(39, '3698741520123474', 'Visa');

INSERT INTO MecanismoPlat (id_mecplat, seq_plataforma) VALUES
(40, 1),
(41, 2),
(42, 3),
(43, 4),
(44, 5),
(45, 6),
(46, 7),
(47, 8),
(48, 9),
(49, 10);
